population node,pop_x,pop_y,size
name1,245016.531,148963.4466,69
name2,225430.6266,196013.7722,90
name3,14329.67334,19873.89379,20
name4,111907.499,109198.4663,82
name5,214777.7253,95445.70862,99
name6,69170.25646,226932.392,6
name7,92354.81873,205838.2676,81
name8,86988.42145,203525.3094,40
name9,25383.23372,117168.1104,13
name10,51870.20351,123005.2865,66
